Name,Gender Guesser,Genderizer,Final
Isabel Allende,female,female,female
Cory A. Booker,mostly_male,unknown,male
Clara Franzini-Armstrong,female,female,female
Terry Gross,mostly_male,unknown,female
Ada Sue Hinshaw,female,female,female
Robert Parris Moses,male,male,male
Paul Muldoon,male,male,male
Hawa Abdi,female,female,female
Elizabeth E. Bailey,female,female,female
David Brooks,male,male,male
Renée Fleming,unknown,female,female
Sylvester James Gates Jr.,male,male,male
Asma Jahangir,female,female,female
Eric R. Kandel,male,male,male
Lin-Manuel Miranda,unknown,unknown,male
Arthur K. Asbury,male,male,male
Lee C. Bollinger,mostly_male,unknown,male
Joan Myers Brown,female,unknown,female
Rita Moreno,female,female,female
Ellen Ochoa,female,unknown,female
Samantha Power,female,female,female
Cass R. Sunstein,mostly_male,unknown,male
Eugenio Calabi,male,male,male
Johnnetta Betsch Cole,unknown,unknown,female
Edna Adan Ismail,female,female,female
John Legend,male,male,male
Raymond G. Perelman,male,male,male
Olympia Snowe,female,female,female
George A. Weiss,male,unknown,male
Kwame Anthony Appiah,unknown,male,male
Joseph R. Biden Jr.,male,male,male
Ursula Burns,female,female,female
Ngozi Okonjo-Iweala,unknown,male,female
Samuel H. Preston,male,male,male
Ellen Mosley-Thompson,female,unknown,female
Lonnie G. Thompson,mostly_male,unknown,male
James Edward West,male,male,male
Ruzena Bajcsy,unknown,unknown,female
Geoffrey Canada,male,male,male
Akira Endo,mostly_male,unknown,male
Peter D. Lax,male,male,male
John R. Lewis,male,male,male
David H. Petraeus,male,male,male
Anna Deavere Smith,female,female,female
Renée C. Fox,unknown,female,female
Mo Ibrahim,mostly_male,unknown,male
Nicholas Kristof,male,male,male
Sheryl Wudunn,female,female,female
Ei-ichi Negishi,unknown,unknown,male
Joyce Carol Oates,female,unknown,female
Denzel Washington,male,male,male
Sandra Faber,female,female,female
Paul Farmer,male,male,male
Jon M. Huntsman Jr.,male,male,male
Risa J. Lavizzo-Mourey,female,female,female
Greg Mortenson,male,male,male
Peter C. Nowell,male,male,male
James S. Riepe,male,male,male
Yvon Chouinard,male,unknown,male
George H. Crumb,male,unknown,male
Jennifer Yvonne Mokgoro,female,female,female
Eric E. Schmidt,male,male,male
Susan Solomon,female,female,female
Muhammad Yunus,male,male,male
Michael Bloomberg,male,male,male
Paquito D'Rivera,unknown,unknown,male
Drew Gilpin Faust,male,unknown,female
Lila Gleitman,female,female,female
Bert W. O'Malley,male,male,male
Cyril Ramaphosa,male,male,male
Neil deGrasse Tyson,male,male,male
James A. Baker Iii,male,male,male
Aaron Temkin Beck,male,male,male
Caroline W. Bynum,female,female,female
Mildred Dresselhaus,female,female,female
Aretha Franklin,female,female,female
Shirley Franklin,female,unknown,female
Ruth Bader Ginsburg,female,female,female
Jodie Foster,female,female,female
Henry Louis Gates Jr.,male,male,male
Shirley Ann Jackson,female,unknown,female
Lawrence Klein,male,male,male
Judith Pollock Klinman,female,female,female
Steve Wynn (stricken),male,male,male
Kofi Annan,male,male,male
Quincy Jones,male,male,male
Saul Kripke,male,male,male
Ralph Roberts,male,male,male
Judy Woodruff,female,female,female
Nancy Fugate Woods,female,female,female
Bono,male,male,male
Elizabeth Blackburn,female,female,female
Lee Friedlander,mostly_male,unknown,male
Jaroslav Pelikan,male,male,male
Max Roach,male,unknown,male
Judith Rodin,female,female,female
Stephen Breyer,male,male,male
Herbert J. Gans,male,male,male
Sadako Ogata,unknown,unknown,female
Mamphela Aletta Ramphele,unknown,unknown,female
Philip Roth,male,male,male
Desmond Tutu,male,male,male
Joan Ganz Cooney,female,unknown,female
Eric Hobsbawm,male,male,male
Irwin Jacobs,male,male,male
Jim Lehrer,male,male,male
Richard Smalley,male,male,male
Peter C. Doherty,male,male,male
Andrés M. Duany,unknown,male,male
Elizabeth Plater-Zyberk,female,female,female
Daniel Kahneman,male,male,male
John S. McCain,male,male,male
Ruth J. Simmons,female,female,female
John N. Bahcall,male,male,male
Mary Douglas,mostly_female,unknown,female
Ronald Dworkin,male,male,male
Seamus Heaney,male,male,male
Wynton Marsalis,unknown,unknown,male
Edward G. Rendell,male,male,male
Isabella Lugoski Karle,female,female,female
Billie Jean King,mostly_female,unknown,female
Gerda Lerner,female,female,female
Robert E. Rubin,male,male,male
Earl Reece Stadtman,male,male,male
P. Roy Vagelos,unknown,unknown,male
Arlin M. Adams,male,male,male
Jimmy Carter,male,male,male
Francis S. Collins,male,unknown,male
Frank Moore Cross,male,male,male
Alan Greenspan,male,male,male
Jessye Norman,female,female,female
Stanley B. Prusiner,male,male,male
Shirley Sears Chater,female,unknown,female
William H. Danforth,male,male,male
Gary Graffman,male,male,male
Richard A. Posner,male,male,male
Louis Sokoloff,male,male,male
Simone Veil,female,male,female
Charles Kaufman II Williams,male,male,male
Ahmed H. Zewail,male,male,male
Tom Brokaw,male,male,male
Rita Dove,female,female,female
Helen Frankenthaler,female,female,female
Moshe Greenberg,male,male,male
Jon M. Huntsman,male,male,male
Arnold J. Levine,male,male,male
Nabeel Sha'Ath,male,male,male
Maurice Wilkes,male,male,male
Jane Alexander,female,male,male
Stanley Norman Cohen,male,male,male
Mary Maples Dunn,mostly_female,unknown,female
Harry Barkus Gray,male,male,male
Emmanuel Le Roy Ladurie,male,male,male
Alvin Varner Shoemaker,male,male,male
Donald M. Stewart,male,male,male
Gloria Twine Chisum,female,female,female
Henry G. Cisneros,male,male,male
Claire M. Fagin,female,female,female
Mary Ellen Mark,mostly_female,unknown,female
Denise Scott Brown,female,female,female
Samuel O. Thier,male,male,male
Philip V. Tobias,unknown,male,male
Miriam Ben-Porat,female,female,female
Jeanne Quint Benoliel,female,female,female
Hillary Rodham Clinton,female,female,female
Alfred Gellhorn,male,male,male
Francis Sheldon Hackney,male,unknown,male
Lucy Judkins Durr Hackney,female,female,female
Ralph Landau,male,male,male
William Julius Wilson,male,male,male
K. Jon Barwise,unknown,unknown,male
Candice Bergen,female,female,female
Rupert E. Billingham,male,male,male
John R. Casani,male,male,male
James P. Comer,male,male,male
Natalie Zemon Davis,female,female,female
Chen Fu Koo,andy,unknown,male
Ismail Mahomed,male,male,male
Arno A. Penzias,male,male,male
Arthur Ross,male,male,male
Stephen Jay Gould,male,male,male
Judith Jamison,female,female,female
Ted Koppel,male,male,male
Turgut Ozal,male,male,male
James Bennett Pritchard,male,male,male
Claude E. Shannon,mostly_male,unknown,male
Rebecca Pepper Sinkler,female,female,female
Charles Samuel Wolf,male,male,male
Baruch Samuel Blumberg,male,male,male
Barbara Pierce Bush,female,female,female
William Henry Cosby Jr. (stricken),male,male,male
Raymond Davis Jr.,male,male,male
Balkrishna Vithaldos Doshi,unknown,unknown,male
Joseph Esherick,male,male,male
Izrael Moiseevich Gelfand,unknown,unknown,male
Jane Goodall,female,male,female
Lawrence Halprin,male,male,male
Charles Everett Koop,male,male,male
Akio Morita,male,male,male
Sir Peter Shepheard,unknown,unknown,male
Sir David Cecil Smith,unknown,unknown,male
Faye Wattleton,female,female,female
Tatyana Ivanovna Zaslavskaya,female,female,female
Edward Digby Baltzell,male,male,male
Ruth Wright Hayre,female,female,female
Arnold Seymour Relman,male,male,male
Janet Davison Rowley,female,female,female
Mike Wallace,male,unknown,male
Joseph William Burk,male,male,male
Ornette Coleman,unknown,unknown,male
Anne D'Harnoncourt (Rishel),female,unknown,female
Charles Denston Dickey Jr.,male,male,male
William Herbert III Gray,male,male,male
Vartan Gregorian,male,male,male
Henry Max Hoenigswald,male,male,male
Chloe Anthony Morrison,female,female,female
Patricia Scott Schroeder,female,female,female
Robert Austrian,male,male,male
Thomas Ehrlich,male,male,male
Kent Vaughn Flannery,male,male,male
Edgar Kaufmann Jr.,male,male,male
Margaret Eliza Kuhn,female,female,female
Bernard Lewis,male,male,male
Floyd Glenn Lounsbury,male,male,male
Machteld Johanna Mellink,female,female,female
Riccardo Muti,male,male,male
Erica Reiner,female,female,female
Robert Bocking Stevens,male,male,male
David Mackenzie Wilson,male,male,male
Julius Axelrod,male,male,male
Michael Stuart Brown,male,male,male
Rebecca Jean Brownlee,female,female,female
Athol Harold Lanigan Fugard,male,male,male
Charles Antony Richard Hoare,male,male,male
Richard Manning Karp,male,male,male
Donald Ervin Knuth,male,male,male
Estée Lauder,unknown,unknown,female
Allen Newell,male,male,male
Herman Paul Schwan,male,male,male
Lawrence Stone,male,male,male
John Edgar Wideman,male,male,male
Leonore Annenberg,female,female,female
Lillian Sholtis Brunner,female,female,female
Britton Chance,male,male,male
Edward Emil David Jr.,male,male,male
Marian Wright Edelman,male,male,male
Samuel Eilenberg,male,male,male
Danny Kaye,male,unknown,male
Katherine Anne Kendall,female,female,female
Thomas Adeoye Lambo,male,male,male
Donald Newton Langenberg,male,male,male
Harold Lewis,male,male,male
Ruth Watson Lubic,female,female,female
Margaret Redfield Mainwaring,female,female,female
Mary Patterson McPherson,mostly_female,unknown,female
George Almon Munger,male,unknown,male
Hilary Whitehall Putnam,female,female,female
George Rochberg,male,unknown,male
David Elliott Rogers,male,male,male
Henry Salvatori,male,male,male
Roland Walter Schmitt,male,male,male
Thelma Mermelstein Schorr,female,female,female
Frederick Seitz,male,male,male
Mark Whittier Allam,male,male,male
Edmund Norwood Bacon,male,male,male
August Adolphus III Busch,male,male,male
Roger Andrew Caras,male,male,male
Avram Noam Chomsky,male,male,male
Mildred Cohn,female,female,female
Fitz Eugene Dixon Jr.,unknown,male,male
John Whiley Eckman,male,male,male
Rudolf Fankhauser,male,male,male
W. Wilson Goode,unknown,unknown,male
Carolyn G. Heilbrun,female,female,female
Sir Andrew Fielding Huxley,unknown,unknown,male
Ainsley Iggo,andy,unknown,male
Charles Poor 2nd Kindleberger,male,male,male
Arthur Asher Miller,male,male,male
John Brown Neff,male,male,male
Susumu Ohno,male,male,male
Ruth Patrick,female,female,female
Benjamin Quarles,male,male,male
Theodora Ayer Randolph,female,female,female
Margaret McGrath Rockefeller,female,female,female
Andrei Dmitriyevich Sakharov,male,male,male
Ernest Jackson Lawson Soulsby,male,male,male
Otto Springer,male,male,male
André Watts,unknown,male,male
Nochem Samuel Winnet,unknown,unknown,male
John Harrison Burnett,male,male,male
Henry Martyn II Chance,male,male,male
Ansley Johnson Coale,female,female,female
Norman Christopher Francis,male,male,male
Shelomo Dov Goitein,unknown,unknown,male
Ellen Holtz Goodman,female,unknown,female
Fritz Otto Haas,male,male,male
Sir George Porter,unknown,unknown,male
Chaim Potok,male,male,male
Charles Coale Price,male,male,male
Jessie May Scott,female,unknown,female
Glenn Theodore Seaborg,male,unknown,male
Isaac Starr,male,male,male
Jerome Bert Wiesner,male,male,male
Esmond Wright,male,male,male
Sterling Allan Brown,male,male,male
Helen Octavia Dickens,female,female,female
E. Jules Francois,unknown,unknown,male
Nelson Goodman,male,male,male
Carl Kupfer,male,male,male
Es'kia Mphalele,unknown,unknown,male
Arnall Patz,unknown,unknown,male
Charles Louis Schepens,male,male,male
Robert Lincoln Trescher,male,male,male
Torsten Nils Wiesel,male,male,male
Edwin 2nd Wolf,male,male,male
Comer Vann Woodward,unknown,unknown,male
Peter Ferdinand Drucker,male,male,male
John Hope Franklin,male,male,male
Vernon Eulion Jordan Jr.,male,male,male
Stella Kramrisch,female,female,female
Robert Strange Mcnamara,male,male,male
Paul Fetterolf Miller Jr.,male,male,male
Sybil Collins Mobley,female,female,female
Lyman Cunningham Ogilby,male,male,male
Francis Otto Schmitt,male,unknown,male
Elmer Boyd Staats,male,male,male
Charles Samuel Addams,male,male,male
The Lord Annan,mostly_female,unknown,male
Nnamdi Azikiwe,unknown,male,male
Reginald Harold Jones,male,male,male
Sol Myron Linowitz,female,unknown,male
Jerre Gerlando Mangione,unknown,unknown,male
James Albert Michener,male,male,male
Robert Venturi,male,male,male
Chien-Shiung Wu,unknown,unknown,female
Ruth Josephine Dean,female,female,female
William Theodore Golden,male,male,male
Joshua Lederberg,male,male,male
Charles Brelsford Mccoy,male,male,male
Wade Hampton Mccree,male,male,male
Robert King Merton,male,male,male
Garry Trudeau,male,male,male
Jacqueline Grennan Wexler,female,female,female
Art Buchwald,male,male,male
Lester William Burket,male,male,male
Julius Hiram Comroe Jr.,male,male,male
Clifton Orrin Dummett,male,male,male
Pierre Emmanuel,male,male,male
Robert Frank,male,male,male
Hans Frauenfelder,male,male,male
Henry Maurice Goldman,male,male,male
Louis Irwin Grossman,male,male,male
Patricia Roberts Harris,female,female,female
Theodore Martin Hesburgh,male,male,male
Wilton Marion Krogman,male,male,male
Gordon Norton Ray,male,male,male
Harold Glendon Scheie,male,male,male
John Haines III Ware,male,male,male
Robert Orville Anderson,male,male,male
Gwendolyn Brooks,female,female,female
Ernst Hans Josef Gombrich,male,male,male
Hubert Horatio Humphrey,male,male,male
Eleanor Biddle Lloyd,female,female,female
Saunders Maclane,unknown,unknown,male
Eugene Percival Pendergrass,male,male,male
Daniel Aaron,male,male,male
Kenneth Joseph Arrow,male,male,male
John Bardeen,male,male,male
Warren Earl Burger,male,male,male
William Thaddeus Coleman Jr.,male,male,male
Henry Steele Commager,male,male,male
Marcus Falkner Cunliffe,male,male,male
James Anderson Depriest,male,male,male
John Thomas Dunlop,male,male,male
Thomas Irwin Emerson,male,male,male
Benjamin Franklin,male,male,male
James William Fulbright,male,male,male
Valéry Giscard D'Estaing,unknown,unknown,male
Israel Goldstein,male,male,male
Henry Russell Hitchcock,male,male,male
Shirley Mount Hufstedler,female,unknown,female
Ivor Nöel Hume,male,male,male
Hugh Esmor Huxley,male,male,male
Ada Louise Huxtable,female,female,female
Philip Caryl Jessup,male,male,male
Howard Mumford Jones,male,male,male
Leonid Vital'evich Kantorovich,male,male,male
Carl Kaysen,male,male,male
Tjalling Charles Koopmans,male,male,male
Simon Smith Kuznets,male,male,male
Harold Dwight Lasswell,male,male,male
Wassily W. Leontief,male,male,male
Edward Hirsch Levi,male,male,male
Margaret Mead,female,female,female
Clarence Morris,male,male,male
Vernon Benjamin Mountcastle Jr.,male,male,male
Sir Nikolaus Pevsner,unknown,unknown,male
Curt Paul Richter,male,male,male
Lionel Charles Robbins,male,male,male
Walter Alter Rosenblith,male,male,male
Paul Anthony Samuelson,male,male,male
Edward Shils,male,male,male
Frank Stanton,male,male,male
Joan duPlat Taylor,female,unknown,female
Howard Martin Temin,male,male,male
Assadollah Alam,unknown,unknown,female
Edward J. Bloustein,male,male,male
William Gordon Bowen,male,male,male
Gerald Rudolph Ford,male,male,male
Thomas Ashley Graves Jr.,male,male,male
Hrothgar John Habakkuk,unknown,male,male
Avraham Harman,male,male,male
Aloysius Leon Higginbotham Jr.,male,male,male
Matina Souretis Horner,female,female,female
Donald Frederick Hornig,male,male,male
John George Kemeny,male,male,male
Francis Stewart Leland Lyons,male,unknown,male
Walton Brooks Mcdaniel,male,male,male
William James Mcgill,male,male,male
Farhang Mehr,unknown,unknown,male
Alice Rosemary Murray,female,female,female
Hugh Norwood Robson,male,male,male
John Steven Watson,male,male,male
Charles Haynes Wilson,male,male,male
Edward Maitland Wright,male,male,male
Sadie Tanner Mossell Alexander,female,female,female
William Oliver Baker,male,male,male
Louis Barkhouse Flexner,male,male,male
Richard Buckminster Fuller,male,male,male
Grace Murray Hopper,female,female,female
Talcott Parsons,unknown,unknown,male
Howard Charles Petersen,male,male,male
John Robinson Pierce,male,male,male
Cyril Stanley Smith,male,male,male
Sarkes Tarzian,unknown,unknown,male
Morris Wolf,male,male,male
Harold Lionel Zellerbach,male,male,male
Christian Boehmer Anfinsen,male,unknown,male
Mary Eakin Crooks,mostly_female,unknown,female
Leonard Davis,male,male,male
Gerald Maurice Edelman,male,male,male
Jerome Heartwell Holland,male,male,male
Roy Harris Jenkins,male,male,male
Clark Kerr,male,male,male
Leon Levy,male,male,male
John Robert Schrieffer,male,male,male
Ernest Scott,male,male,male
George Pratt Shultz,male,unknown,male
Louise Elkins Sinkler,female,female,female
Morris Simon Viteles,male,male,male
Willis Jay Winn,male,male,male
William Gordon Bowen,male,male,male
Thomas Childs Cochran,male,male,male
Robert Galbraith Dunlop,male,male,male
Nancy Hanks,female,female,female
John Hilton Knowles,male,male,male
Yu Hsiu Ku,andy,unknown,male
Harold Francis Linder,male,male,male
The Rt. Hon. Earl of Burma K. G. Mountbatten,mostly_female,unknown,male
Emily Hartshorne Mudd,female,female,female
George Holmes Perkins,male,unknown,male
Donald Thomas Regan,male,male,male
Andrew Wyeth,male,male,male
Robert Dougherty Cross,male,male,male
William Lang Day,male,male,male
Haldan Keffer Hartline,unknown,unknown,male
Philip Bernhard Hofmann,male,male,male
Louis Isadore Kahn,male,male,male
Virginia Harrington Wright Knauer,female,female,female
Harold Smith Prince,male,male,male
David Riesman,male,male,male
Leon Howard Sullivan,male,male,male
George William Taylor,male,unknown,male
Rexford Guy Tugwell,unknown,male,male
Francis Clark Wood,male,unknown,male
Orville Horwitz Bullitt,male,male,male
Jefferson Barnes Fordham,male,male,male
David Rockwell Goddard,male,male,male
Jerzy Konorski,male,male,male
Charles Martin,male,male,male
Martin Meyerson,male,male,male
Ieoh Ming Pei,unknown,unknown,male
Dorothy Swaine Thomas,female,female,female
Elmer Holmes Bobst,male,male,male
Robert Bruce Brown,male,male,male
Otis Howard Green,male,male,male
Barbara Ward Jackson,female,female,female
Samuel Noah Kramer,male,male,male
Marshall Warren Nirenberg,male,male,male
Stuart Thomas Saunders,male,male,male
Bernard Gerard Segal,male,male,male
Randall Thompson,male,male,male
Frank Learoyd Boyden,male,male,male
John Royston Coleman,male,male,male
Jacob Furth,male,male,male
Frederick Mortimer Graves,male,male,male
Neal Elgar Miller,male,male,male
William Samuel Paley,male,male,male
Johan Thorsten Sellin,male,male,male
John Archibald Wheeler,male,male,male
Howard III Butcher,male,male,male
Aaron Everly Carpenter,male,male,male
Charles Klein,male,male,male
Seymour Jacob Kreshover,male,male,male
Nils LagerlÖF,male,male,male
Benjamin Dean Meritt,male,male,male
James Alfred Perkins,male,male,male
Raymond Philip Shafer,male,male,male
Robert Ernest Spiller,male,male,male
Esther du Pont Thouron,female,female,female
Charles Raymond Whittlesey,male,male,male
Walter Hubert Annenberg,male,male,male
William Bosworth Castle,male,male,male
Ronald Salmon Crane,male,male,male
Glenn Raymond Morrow,male,unknown,unknown
John Newsom,male,male,male
Roy Franklin Nichols,male,male,male
Jean Piaget,male,unknown,unknown
Edgar Preston Richardson,male,male,male
Howard Lane Rubendall,male,male,male
Hugh Scott,male,male,male
Roger Huntington Sessions,male,male,male
Robert Clifton Weaver,male,male,male
George Packer Berry,male,unknown,unknown
Kingman Brewster Jr.,unknown,unknown,unknown
John Bruce,male,male,male
George Washington Corner,male,unknown,unknown
Rene Jules Dubos,male,unknown,unknown
John Heysham Gibbon,male,male,male
Wilfred Donnell Gillen,male,male,male
Lister Hill,unknown,unknown,unknown
Seymour Solomon Kety,male,male,male
Hans Adolf Krebs,male,male,male
Richard King Mellon,male,male,male
Charles Coolidge Parlin,male,male,male
Carl Frederic Schmidt,male,male,male
Georg Von BÉKÉSy,male,male,male
George Wells Beadle,male,unknown,unknown
John Presper Eckert,male,male,male
John Franklin Enders,male,male,male
Roy Forbes Harrod,male,male,male
Arthur Kornberg,male,male,male
Severo Ochoa,male,male,male
Rosemary Park,female,female,female
William Warren Scranton,male,male,male
Lawrence Baker Sheppard,male,male,male
Wendell Meredith Stanley,male,male,male
Joseph Stokes Jr.,male,male,male
Marietta Peabody Tree,female,female,female
Marvin Wachman,male,male,male
William Norman Brown,male,male,male
Joseph Sill Clark,male,male,male
Lammot duPont Copeland,unknown,unknown,unknown
Andrew Wellington Cordier,male,male,male
Walter Gellhorn,male,male,male
Alfred Irving Hallowell,male,male,male
John Marshall Harlan,male,male,male
Christian Archibald Herter,male,unknown,unknown
Charles Peter Beauchamp Jeffreys,male,male,male
Francis Keppel,male,unknown,unknown
Giuseppe Moruzzi,male,male,male
Henry Rawle Pemberton,male,male,male
John Alanson Perkins,male,male,male
Sarvepalli Radhakrishnan,unknown,unknown,unknown
William Abraham Schnader,male,male,male
David Van Pelt,male,male,male
John Chipman,male,male,male
Merle Eugene Curti,mostly_male,unknown,unknown
James Frederic Dewhurst,male,male,male
Clarence Douglas Dillon,male,male,male
Henry Francis Du Pont,male,male,male
Ahmed Fakhry,male,male,male
Félix Houphouet-Boigny,unknown,male,unknown
John Frederick Lewis Jr.,male,male,male
Percy Childs Madeira Jr.,male,male,male
Adolfo Molina-Orantes,male,male,male
Muhammed Reza Shah Pahlavi,male,male,male
Hans Rademacher,male,male,male
John Eric Sidney Thompson,male,male,male
Joseph Treloar Wearn,male,male,male
George Dunton Widener,male,unknown,unknown
Arthur Stanton Adams,male,male,male
Albert Croll Baugh,male,male,male
Henry LeRoy Bockus,male,male,male
Hugh Borton,male,male,male
Francis Boyer,male,unknown,unknown
Richardson Dilworth,unknown,unknown,unknown
Crawford Hallock Greenewalt,male,male,male
Edward George Harris,male,male,male
William Henry Hastie,male,male,male
Eugene Ormandy,male,male,male
Arnold Joseph Toynbee,male,male,male
Eugene Paul Wigner,male,male,male
John Cromwell Bell,male,male,male
Millard Elwood Gladfelter,male,male,male
Nelson Glueck,male,male,male
George Bogdan Kistiakowski,male,unknown,unknown
John William Knutson,male,male,male
John William Mauchly,male,male,male
John Jay Mccloy,male,male,male
Jonathan Evans Rhoads,male,male,male
Lauriston Sale Taylor,unknown,unknown,unknown
Jacob Viner,male,male,male
Eric Arthur Walker,male,male,male
Robert Stevenson Aitken,male,male,male
Jasper Yeates Brinton,male,male,male
Ralph Connor,male,male,male
Althea Hallowell Kratz Hottel,female,female,female
Dana Greenleaf How,female,unknown,unknown
Joseph Victor Klauder,male,male,male
David Leo Lawrence,male,male,male
Esther Lazarus,female,female,female
Hadleigh Marsh,unknown,unknown,unknown
Robert Franklin Mehl,male,male,male
Karl Friedrich Meyer,male,male,male
Isaac Warner Roberts,male,male,male
Virginia Pollard Robinson,female,female,female
Richard Edwin Shope,male,male,male
William Christopher Stadie,male,male,male
Marian Anderson,male,male,male
Willy Brandt,male,unknown,unknown
Arthur Frank Burns,male,male,male
Ralph Erskine Cleland,male,male,male
Robert Dechert,male,male,male
Harold Wells Gilbert,male,male,male
Robert Francis Goheen,male,male,male
Arthur Lehman Goodhart,male,male,male
George Morris Piersol,male,unknown,unknown
Sigmund Skard,male,male,male
Courtney Craig Smith,mostly_female,unknown,unknown
Edwin Bucher Williams,male,male,male
William Joseph Brennan Jr.,male,male,male
Arthur Gardiner Coons,male,male,male
Cleo Frank Craig,mostly_female,unknown,unknown
John Anthony Diemand,male,male,male
Henry Richard Dietrich,male,male,male
Bernard Feustman Gimbel,male,male,male
Frank Cyril James,male,male,male
Charles Alvin Jones,male,male,male
Clarence Mahlon Kline,male,male,male
George Michael Leader,male,unknown,unknown
Sydney Errington Martin,mostly_male,unknown,unknown
William McChesney Martin Jr.,male,male,male
George Meany,male,unknown,unknown
Mabel Newcomer,female,female,female
Joseph Russell Smith,male,male,male
Lewis Lichtenstein Strauss,male,male,male
Stanley Ferdinand Teele,male,male,male
Alvin Duke Chandler,male,male,male
Thomas Sovereign Gates Jr.,male,male,male
Alfred Whitney Griswold,male,male,male
Mary Gibson Henry,mostly_female,unknown,unknown
Thomas Malcolm Knox,male,male,male
Simon Smith Kuznets,male,male,male
Henry Cabot Lodge Jr.,male,male,male
Kenjiro Matsumoto,male,male,male
Nathan Marsh Pusey,male,male,male
Alic Halford Smith,unknown,unknown,unknown
Allen Michener Stearne,male,male,male
Otto Struve,male,male,male
Axel Hugo Theorell,male,male,male
Earl Warren,male,male,male
Walter Gordon Whitman,male,male,male
Caleb Canby Balderston,male,male,male
Catherine Drinker Bowen,female,female,female
Leroy Edgar Chapman,male,male,male
Charles Wendell David,male,male,male
Oveta Culp Hobby,unknown,unknown,unknown
George Howe,male,unknown,unknown
Karl Spencer Lashley,male,male,male
Franklin David Murphy,male,male,male
William Bradford Shockley,male,male,male
Dag HammarskjØLd,male,male,male
Alfred Bennett Harbage,male,male,male
Robert Henry Ivy,male,male,male
Mervin Joe Kelly,male,male,male
Grayson Louis Kirk,male,male,male
Willis Eugene Lamb Jr.,male,male,male
Joseph Folwell Scull Jr.,male,male,male
Charles Edward Wyzanski Jr.,male,male,male
James Burns Amberson,male,male,male
William Blum,male,male,male
Van Wyck Brooks,mostly_male,unknown,unknown
Herbert Kurtz Cooper,male,male,male
Milton Stover Eisenhower,male,male,male
Edith Hamilton,female,female,female
Gaylord Probasco Harnwell,male,male,male
Harold Hillenbrand,male,male,male
Edward Hopkinson Jr.,male,male,male
Harry Elmer Humphreys Jr.,male,male,male
Thomas Bayard Mccabe,male,male,male
Robert Thompson Mccracken,male,male,male
Thomas Parran,male,male,male
Elizabeth Kerr Porter,female,female,female
Isidor Schwaner Ravdin,male,male,male
Harold Vincent Smith,male,male,male
Williams Biddle Cadwalader,unknown,male,unknown
Frederick Sumner Mckay,male,male,male
Lester Weldon Nelson,male,male,male
Franklin Haines Price,male,male,male
David Sarnoff,male,male,male
Boyd Lee Spahr,male,male,male
William Carlos Williams,male,male,male
Henry Merritt Wriston,male,male,male
Elizabeth Cecelia Berrang,female,female,female
Anne Bezanson,female,unknown,unknown
Robin Carl Buerki,mostly_male,unknown,unknown
Hugh Latimer Dryden,male,male,male
John Sydney Fine,male,male,male
William Howard Fineshriber,male,male,male
Albert Anthony Giesecke,male,male,male
James Rhyne Killian Jr.,male,male,male
Joseph Pennell,male,male,male
Conyers Read,unknown,unknown,unknown
Alfred Hector Williams,male,male,male
Thomas Knight Finletter,male,male,male
Walter Simonds Franklin,male,male,male
Paul Gray Hoffman,male,male,male
Edwin Roulette Keedy,male,male,male
Ernest Minor Patterson,male,male,male
Margie Alice Smith,female,female,female
Paul-Henri Spaak,unknown,unknown,unknown
John Von Neumann,male,male,male
Detlev Wulf Bronk,male,male,male
Ralph Johnson Bunche,male,male,male
John Foster Dulles,male,male,male
William Wilcox Edel,male,male,male
Thomas Ignatius Parkinson,male,male,male
Alfred Henry Sturtevant,male,male,male
Sarah Gibson Blanding,female,female,female
James Francis Byrnes,male,male,male
James Byron Drew,male,male,male
George Keith Funston,male,unknown,unknown
Walter Woodburn Hyde,male,male,male
William Bomberger Linn,male,male,male
Esmond Ray Long,male,male,male
John Harrison Minnick,male,male,male
Merle Middleton Odgers,mostly_male,unknown,unknown
Harold Edward Stassen,male,male,male
Roger Adams,male,male,male
Chester Irving Barnard,male,male,male
Revelle Wilson Brown,unknown,unknown,unknown
Paul Foster Clark,male,male,male
James Creese,male,male,male
James Henderson Duff,male,male,male
Dwight David Eisenhower,male,male,male
Roland Grubb Kent,male,male,male
Charles Summerfield Redding,male,male,male
Lessing Julius Rosenwald,unknown,unknown,unknown
Henry Harley Arnold,male,male,male
Edwin Garrigues Boring,male,male,male
John Dewey,male,male,male
Robert Herndon Fife,male,male,male
Geoffrey Francis Archbishop of Canterbury Fisher,male,male,male
Henry Herbert Goddard,male,male,male
Wolfgang Kohler,male,male,male
William Shaneline Middleton,male,male,male
Julius Robert Oppenheimer,male,male,male
Quo Tai-Chi,unknown,unknown,unknown
Lewis Madison Terman,male,male,male
Henry St. George Tucker,male,male,male
George Woodward,male,unknown,unknown
Efrem Zimbalist,male,male,male
George Frederick Zook,male,unknown,unknown
Eldridge Lyon Eliason,male,male,male
Alexander Fleming,male,male,male
Virginia Crocheron Gildersleeve,female,female,female
John Flagg Gummere,male,male,male
Fiske Kimball,unknown,unknown,unknown
Edward Felix Kloman,male,male,male
Abraham Aaron Neuman,male,male,male
Samuel Torrey Orton,male,male,male
Walden II Pell,unknown,unknown,unknown
Florence Barbara Seibert,female,female,female
Leslie Richard Severinghaus,mostly_female,unknown,unknown
Edward Valentine Stanford,male,male,male
Arthur T. Vanderbilt,male,male,male
Harry Shultz Vandiver,male,male,male
Leonard Augustus Yerkes,male,male,male
Milo Frederick Draemel,male,male,male
Charles Francis Jenkins,male,male,male
Jacob Clemens Kolb,male,male,male
George Simpson Koyl,male,unknown,unknown
Ralph Barton Perry,male,male,male
Edgar Arthur Singer Jr.,male,male,male
William Loren Batt,male,male,male
Edwin Grant Conklin,male,male,male
Rufus Henry Fitzgerald,male,male,male
Ernest Hutcheson,male,male,male
George Johnson,male,unknown,unknown
Edward Martin,male,male,male
George Wendell Maxey,male,unknown,unknown
Joyce (Jan Struther) Maxtone-Graham,female,unknown,unknown
Mildred Helen Mcafee,female,female,female
John Edwin Pomfret,male,male,male
Henning Webb Prentis Jr.,male,male,male
James Steven Simmons,male,male,male
Vannevar Bush,unknown,unknown,unknown
Rex Stowers Clements,male,male,male
Henry Sandwith Drinker,male,male,male
Douglas Southall Freeman,male,male,male
Oliver James Hart,male,male,male
George Howard Johnson,male,unknown,unknown
Robert Livingston Johnson,male,male,male
Ernest Orlando Lawrence,male,male,male
Katharine Elizabeth Mcbride,female,female,female
Remsen Brinckerhoff Ogilby,unknown,unknown,unknown
Edward Kennard Rand,male,male,male
Wilbert Barnes Smith,male,male,male
Adolphus Eugene Watson,male,male,male
Lewis Hill Weed,male,male,male
Archibald Macleish,male,male,male
Felix Muskett Morley,male,male,male
John William Nason,male,male,male
John Joseph Shaw,male,male,male
Sarah Logan Wister Starr,female,female,female
Francis Henry Taylor,male,unknown,unknown
Richard Wilson,male,male,male
John Alexander,male,male,male
William Nickerson Bates,male,male,male
William Henry Beveridge,male,male,male
Henry Wolf BiklÉ,male,male,male
Herbert Eugene Bolton,male,male,male
Cornelius Brett Boocock,male,male,male
John Stewart Bryan,male,male,male
Willa Cather,female,female,female
Charles Cestre,male,male,male
William Mansfield Clark,male,male,male
James Bryant Conant,male,male,male
William Henry Donner,male,male,male
Lyman Poore Duff,male,male,male
William James Entwhistle,male,male,male
Etienne Gilson,male,male,male
Evarts Ambrose Graham,unknown,unknown,unknown
Frank Pierrepont Graves,male,male,male
Samuel McClintock Hamill,male,male,male
Lawrence Joseph Henderson,male,male,male
Herbert Clark Hoover,male,male,male
Arthur Charles Howland,male,male,male
Arthur Horace James,male,male,male
John Story Jenks,male,male,male
Herbert Spencer Jennings,male,male,male
Frank Baldwin Jewett,male,male,male
Elizabeth Forrest Johnson,female,female,female
Carl Kelsey,male,male,male
Conrad Newton Lauer,male,male,male
James Pendleton Lichtenberger,male,male,male
William Ezra Lingelbach,male,male,male
Horace Mather Lippincott,male,male,male
Jacques Maritain,male,male,male
Clarence Erwin Mcclung,male,male,male
George Herbert Meeker,male,unknown,unknown
Wesley Clair Mitchell,male,male,male
Charles Samuel Myers,male,male,male
Reinhold Niebuhr,male,male,male
George Stewart Patterson,male,unknown,unknown
Frederick Logan Paxson,male,male,male
Henry Augustus Pilsbry,male,male,male
William E. Rappard,male,male,male
Fritz Reiner,male,male,male
William Procter Remington,male,male,male
David Riesman,male,male,male
Franklin Delano Roosevelt,male,male,male
John Ahlum Schaeffer,male,male,male
Albert Schinz,male,male,male
Charles Seymour,male,male,male
Hu Shih,andy,unknown,unknown
Harold Paul Sloan,male,male,male
Philip Clayton Staples,male,male,male
Alexander Jerry Stoddard,male,male,male
Carl Van Doren,male,male,male
Alan John Bayard Wace,male,male,male
Hermann Weyl,male,male,male
James Thomas Young,male,male,male
Charlotte Carr,female,female,female
Ernest Charles Earp,male,male,male
John Louis Haney,male,male,male
Joel Henry Hildebrand,male,male,male
Samuel Frederic Houston,male,male,male
Edward Johnson,male,male,male
William Huestis Keller,male,male,male
Edward Warloch Mumford,male,male,male
Francis Randolph Packard,male,unknown,unknown
Josiah Harmar Penniman,male,male,male
William Irwin Schaffer,male,male,male
Joseph Henry Willits,male,male,male
James Rowland Angell,male,male,male
George David Birkhoff,male,unknown,unknown
Wollmar Filip Bostrom,unknown,unknown,unknown
Katherine Cornell,female,female,female
Arthur Louis Day,male,male,male
Johannes Sigfrid Edstrom,male,male,male
H.R.H. Crown Prince of Sweden Gustav Adolf,unknown,unknown,unknown
Augustus Noble Hand,male,male,male
Gilbert Newton Lewis,male,male,male
Herbert Meredith Marler,male,male,male
Louis Martin,male,male,male
Thomas Hunt Morgan,male,male,male
John Duncan Spaeth,male,male,male
James Isaac Wendell,male,male,male
Kaj Birket-Smith,male,male,male
Vere Gordon Childe,unknown,male,unknown
Martin Withington Clement,male,male,male
Fred Pierce Corson,male,male,male
Edmund Ezra Day,male,male,male
Samuel Smith Drury,male,male,male
Samuel Simeon Fels,male,male,male
Dorothy Annie Elizabeth Garrod,female,female,female
Cordell Hull,male,male,male
John William Kephart,male,male,male
Eugene Ormandy,male,male,male
Florence Rena Sabin,female,female,female
Herbert James Tily,male,male,male
Joseph Wayne Jr.,male,male,male
Lightner Witmer,unknown,unknown,unknown
Gustavus Wynne Cook,unknown,male,unknown
Harold Willis Dodds,male,male,male
Joseph Erlanger,male,male,male
Robert Frost,male,male,male
Herbert Spencer Gasser,male,male,male
Richard Knowles,male,male,male
John Campbell Merriam,male,male,male
James Grafton Rogers,male,male,male
Otis Skinner,male,male,male
Walter Brooke Stabler,male,male,male
Isaiah Bowman,male,male,male
Robert Sellers Frazer,male,male,male
Jessie Gray,female,unknown,unknown
Learned Hand,unknown,unknown,unknown
Louis Amos Klein,male,male,male
William Mather Lewis,male,male,male
Joshua Bertram Lippincott,male,male,male
Clarence James Marshall,male,male,male
Alfred Edward Newton,male,male,male
Charles Russ Richards,male,male,male
Leunis Van Es,unknown,unknown,unknown
George Woodward Wickersham,male,unknown,unknown
John Gabbert Bowman,male,male,male
Edwin Cornelius Broome,male,male,male
Charles Meigs Biddle Cadwalader,male,male,male
Dorothy Harrison Eustis,female,female,female
Ralph Dorn Hetzel,male,male,male
James Noble Rule,male,male,male
William Gibson Spiller,male,male,male
Harlan Fiske Stone,male,male,male
Thomas Whitney Surette,male,male,male
Joseph Sweetman Ames,male,male,male
Arthur Henry Reginald Buller,male,male,male
Charles W. Burr,male,male,male
Samuel Paul Capen,male,male,male
Luther Pfahler Eisenhart,male,male,male
Robert Almer Harper,male,male,male
Milo Hellman,male,male,male
Joseph Hofmann,male,male,male
Horace Howard Furness Jayne,male,male,male
Herbert Spencer Jennings,male,male,male
Abbott Lawrence Lowell,unknown,male,unknown
Albert Hawley Lucas,male,male,male
John Valentine Mershon,male,male,male
Leroy Matthew Simpson Miner,male,male,male
Marion Edwards Park,female,unknown,unknown
Alfred Rigling,male,male,male
Horace Stern,male,male,male
Charles Root Turner,male,male,male
Frederic James Eugene Woodbridge,male,male,male
Mary Louise Curtis Bok,mostly_female,unknown,unknown
Benjamin Nathan Cardozo,male,male,male
William Purves Gest,male,male,male
Barton Cooke Hirst,male,male,male
Warren Powers Laird,male,male,male
Roland Sletor Morris,male,male,male
William Pepper,male,male,male
Alfred Newton Richards,male,male,male
Harlow Shapley,male,male,male
Thomas Shaw,male,male,male
Alexander Van Rensselaer,male,male,male
Edgar Douglas Adrian,male,male,male
Charles Ezra Beury,male,male,male
Gilbert Haven Fall,male,male,male
Thomas Sovereign Gates,male,male,male
Solomon Stephen Huebner,male,male,male
Joanna Wharton Lippincott,female,female,female
Horatio Gates Lloyd,male,male,male
George William Mcclelland,male,unknown,unknown
Howard Mcclenahan,male,male,male
James DeWolf Perry Jr.,male,male,male
Arthur H. Quinn,male,male,male
George Franklin Rand,male,unknown,unknown
Leo Stanton Rowe,male,male,male
Olga Samaroff,female,female,female
Henry Lewis Stimson,male,male,male
Cornelius Weygandt,male,male,male
Daniel Willard,male,male,male
Robert Sessions Woodworth,male,male,male
Henry Newbold Woolman,male,male,male
Cyrus Adler,male,male,male
Edward E. Allen,male,male,male
Clarence Griffin Child,male,male,male
James Francis Cooke,male,male,male
Hugh Smith Cumming,male,male,male
Walter Morley Fletcher,male,male,male
John Marshall Gest,male,male,male
Cheesman Abiah Herrick,unknown,unknown,unknown
Archibald Vivian Hill,male,male,male
James Ramsay Hunt,male,male,male
William Gerry Morgan,male,male,male
Julio Prestes,male,male,male
Theobald Smith,male,male,male
Alfred Stengel,male,male,male
Alonzo Englebert Taylor,male,male,male
Henry Gordon Thunder,male,male,male
Alexander Von Lichtenberg,male,male,male
William Henry Welch,male,male,male
Cyrus E. Woods,male,male,male
Francis Herman Bohlen,male,unknown,unknown
Simon Flexner,male,male,male
Herbert Funk Goodrich,male,male,male
Herbert Eugene Ives,male,male,male
Nicholas Longworth,male,male,male
John Vaughan 3rd Merrick,male,male,male
William Ephraim Mikell,male,male,male
William Augustus Redding,male,male,male
Owen Josephus Roberts,male,male,male
James Meschter Anders,male,male,male
Samuel Taylor Bodine,male,male,male
John Stutchell Fisher,male,male,male
Milton Jay Greenman,male,male,male
Eldridge Reeves Johnson,male,male,male
John James Rickard Macleod,male,male,male
Robert Tait Mckenzie,male,male,male
Andrew William Mellon,male,male,male
Effingham Buckley Morris,unknown,unknown,unknown
Frank Brett Noyes,male,male,male
Sir Humphry Davy Bart. Rolleston,unknown,unknown,unknown
Ernest Henry Schelling,male,male,male
Charles Wesley Shreiner,male,male,male
John Edward Zimmerman,male,male,male
Henry Sturgis Dennison,male,male,male
Howard Elliott,male,male,male
Miles Farrow,male,male,male
John Huston Finley,male,male,male
John Ripley Freeman,male,male,male
John Hays Hammond,male,male,male
Josiah Calvin Mccracken,male,male,male
Milton Bennett Medary Jr.,male,male,male
Samuel Edmond Osbourn,male,male,male
Charles Adams Platt,male,male,male
Charles Williamson Richardson,male,male,male
Abraham Simon Wolf Rosenbach,male,male,male
George David Rosengarten,male,unknown,unknown
Charles Michael Schwab,male,male,male
Arthur Webster Thompson,male,male,male
Edwin Mood Wilson,male,male,male
Florestan Aguilar,male,male,male
Robert Anderson,male,male,male
George Archibald Brakeley,male,unknown,unknown
Alonzo Brown,male,male,male
Olin Howard Burritt,male,male,male
Ernst Cohen,male,male,male
Prince Ginori Conti,male,male,male
Walter Johannes Damrosch,male,male,male
Wilson Eyre,male,male,male
William Henry Gilmour,male,male,male
George Byron Gordon,male,unknown,unknown
William Guy,male,male,male
James Colquhoun Irvine,male,male,male
Edward Jackson,male,male,male
Ernst Jessen,male,male,male
Frank Billings Kellogg,male,male,male
Leon Legrain,male,male,male
William Draper Lewis,male,male,male
Louis Childs Madeira Jr.,male,male,male
Dwight Whitney Morrow,male,male,male
Harris Peyton Mosher,male,male,male
Robert Norwood,male,male,male
Walter Robert Parker,male,male,male
Hermann Prinz,male,male,male
Paul Sabatier,male,male,male
Herman Vandenburg Ames,male,male,male
John Ashhurst,male,male,male
Bertrand Dawson,male,male,male
Boyd Edwards,male,male,male
Livingston Farrand,unknown,unknown,unknown
Charles Harrison Frazier,male,male,male
Thomas James Garland,male,male,male
Greville Haslam,unknown,unknown,unknown
John Frederick Lewis,male,male,male
Rudolph Matas,male,male,male
Harry Alexander Matthews,male,male,male
Charles Horace Mayo,male,male,male
John Robbins Mohler,male,male,male
Alfred Newton Richards,male,male,male
Robert William Rogers,male,male,male
John Carew Rolfe,male,male,male
Ray Lyman Wilbur,mostly_male,unknown,unknown
Hubert Work,male,male,male
Frank Aydelotte,male,male,male
William Henry Bragg,male,male,male
John Joseph Carty,male,male,male
Cyrus Hermann Kotzschmar Curtis,male,male,male
William Charles Lawson Eglin,male,male,male
Charles Fabry,male,male,male
Robert Heywood Fernald,male,male,male
Clarence Stanley Fisher,male,male,male
Walter E. Hering,male,male,male
Charles Merrill Hough,male,male,male
John Henry Maccracken,male,male,male
Richard Beatty Mellon,male,male,male
John Bassett Moore,male,male,male
Charles Algernon Parsons,male,male,male
Harold Pender,male,male,male
James Taggart Priestley,male,male,male
Edwin Wilbur Rice Jr.,male,male,male
Frank Julian Sprague,male,male,male
Edward Rhodes Stitt,male,male,male
Ambrose Swasey,male,male,male
Elihu Thomson,male,male,male
Edward Weston,male,male,male
Anne Hollingsworth Wharton,female,unknown,unknown
Stanley Rhoads Yarnall,male,male,male
Pieter Zeeman,male,male,male
John Drew,male,male,male
Richard Mott Gummere,male,male,male
Chevalier Jackson,unknown,unknown,unknown
Kenneth Gordon Matheson,male,male,male
Andrew Jackson Montague,male,male,male
Joseph John Thomson,male,male,male
Sir Henry Worth Thornton,unknown,unknown,unknown
Arthur William Currie,male,male,male
William Duane,male,male,male
Josiah Harmar Penniman,male,male,male
John Joseph Pershing,male,male,male
George Arthur Piersol,male,unknown,unknown
Edward Townsend Stotesbury,male,male,male
Robert Von Moschzisker,male,male,male
Theophilous Parsons Chandler,unknown,unknown,unknown
Marie Curie,female,unknown,unknown
George Walter Dawson,male,unknown,unknown
Herbert Edward Everett,male,male,male
Ferdinand Foch,male,male,male
Hobart Amory Hare,male,male,male
Ernest Martin Hopkins,male,male,male
William Rutherford Mead,male,male,male
James Hartley Merrick,male,male,male
William Romaine Newbold,male,male,male
Paul Shorey,male,male,male
Charles Howard Walker,male,male,male
Albert Jeremiah Beveridge,male,male,male
Thomas Edward Finegan,male,male,male
Edward J. Fox,male,male,male
William Henry Fox,male,male,male
Herbert Adams Gibbons,male,male,male
Robert Johnston,male,male,male
John Muirhead Macfarlane,male,male,male
Leslie William Miller,mostly_female,unknown,unknown
Alfred Edward Newton,male,male,male
George Boal Orlady,male,unknown,unknown
Theodore William Richards,male,male,male
William Sowden Sims,male,male,male
Edgar Fahs Smith,male,male,male
Francis Marion Taitt,male,unknown,unknown
Henry Davis Todd Jr.,male,male,male
Louis Cape Washburn,male,male,male
William Wallace Atterbury,male,male,male
Arthur Hopewell-Smith,male,male,male
William Williams Keen,male,male,male
Charles Penrose Keith,male,male,male
John Clark Knox,male,male,male
Edward Martin,male,male,male
Jonathan Willis Martin,male,male,male
Harlan Sherman Miner,male,male,male
Richard Montgomery,male,male,male
Frederick Peterson,male,male,male
Charles Lee Reese,male,male,male
William Cameron Sproul,male,male,male
John Frederick Wolle,male,male,male
Frank Miles Day,male,male,male
Robert Alexander Falconer,male,male,male
Henry Page,male,male,male
James Hosmer Penniman,male,male,male
Robert Judson Aley,male,male,male
William Wistar Comfort,male,male,male
Arthur Maurice Greene Jr.,male,male,male
Zane Grey,female,male,unknown
Herbert Clark Hoover,male,male,male
Joseph Jacques Césaire Joffre,male,male,male
William Kelly Jr.,male,male,male
Frederic Courtland Penfield,male,male,male
Jacob Gould Schurman,male,male,male
Leopold Stokowski,male,male,male
Charles Franklin Thwing,male,male,male
René Viviani,unknown,unknown,unknown
Henry Galbraith Ward,male,male,male
Jacob Hay Brown,male,male,male
Horace Howard Furness Jr.,male,male,male
Herbert Sherman Houston,male,male,male
Margaret Center Klingelsmith,female,female,female
Samuel Black Mccormick,male,male,male
Charles Karsner Mills,male,male,male
Bliss Perry,unknown,male,unknown
Daniel Lincoln Wallace,male,male,male
Edward Hartley Angle,male,male,male
Green Vardiman Black,unknown,male,unknown
Truman William Brophy,male,male,male
Edwin Tyler Darby,male,male,male
William Dieck,male,male,male
Edouard Charles Godon,male,male,male
Josiah Settle Graves,male,male,male
John Graver Johnson,male,male,male
Harry Frederick Keller,male,male,male
Edward Cameron Kirk,male,male,male
William Ephraim Mikell,male,male,male
Robert Andrews Millikan,male,male,male
John Howard Mummery,male,male,male
William Simon,male,male,male
Eugene Solomon Talbot,male,male,male
Arthur Newell Talbot,male,male,male
John Wanamaker,male,male,male
John Torrey Windrim,male,male,male
George Edmund Deschweinitz,male,unknown,unknown
Sydney George Fisher,mostly_male,unknown,unknown
John Augustus William Haas,male,male,male
Morris Jastrow Jr.,male,male,male
Lucien Lee Kinsolving,male,male,male
Hugo Albert Rennert,male,male,male
Nathan Christ Schaeffer,male,male,male
Henry Harbaugh Apple,male,male,male
Paul Philippe Cret,male,male,male
Edward Vincent D'Invilliers,male,male,male
Henry Pomeroy Davison,male,male,male
George Washington Goethals,male,unknown,unknown
Phillips Lee Goldsborough,unknown,unknown,unknown
Emory Richard Johnson,male,male,male
Henry Spackman Pancoast,male,male,male
George Morris Philips,male,unknown,unknown
Henry Phipps,male,male,male
Edward Tyson Reichert,male,male,male
Witmer Stone,unknown,unknown,unknown
Edward Livingston Trudeau,male,male,male
Alexander Crever Abbott,male,male,male
Edwin Anderson Alderman,male,male,male
John Cadwalader,male,male,male
Louis Adolphus Duhring,male,male,male
Carl Hering,male,male,male
John Grier Hibben,male,male,male
George Woolsey Hodge,male,unknown,unknown
Horace Harmon Lurton,male,male,male
William James Mayo,male,male,male
Philip Mercer Rhinelander,male,male,male
Edward Robins,male,male,male
Joseph Swain,male,male,male
James Tyson,male,male,male
Edward Potts Cheyney,male,male,male
Walton Clark,male,male,male
Henry Sturgis Drinker,male,male,male
Basil Lanneau Gildersleeve,male,male,male
Charles Custis Harrison,male,male,male
Warren Powers Laird,male,male,male
Thomas Riley Marshall,male,male,male
Veranus Alva Moore,unknown,unknown,unknown
James DeWolf Perry Jr.,male,male,male
William Lawrence Saunders,male,male,male
Johann Heinrich Von Bernstorff (stricken),male,male,male
James Montgomery Beck,male,male,male
Morris Lewis Clothier,male,male,male
Charles Evans Hughes,male,male,male
Samuel Rea,male,male,male
Ethelbert Dudley Warfield,unknown,male,unknown
George Smedley Webster,male,unknown,unknown
John Lambert Cadwalader,male,male,male
Samuel Gibson Dixon,male,male,male
Edward Miller Jefferys,male,male,male
Samuel McCune Lindsay,male,male,male
Charles Follen Mckim,male,male,male
Charles Bingham Penrose,male,male,male
Felix Emmanuel Schelling,male,male,male
John Thomson,male,male,male
Cecelia Beaux,female,female,female
Henry Cadwalader Chapman,male,male,male
Joseph Hodges Choate,male,male,male
Edwin Grant Conklin,male,male,male
Grove Karl Gilbert,unknown,male,unknown
Lloyd Mifflin,male,male,male
James Alan Montgomery,male,male,male
Charles Edmund Rice,male,male,male
Edwin Sydney Stuart,male,male,male
Thomas Bailey Aldrich,male,male,male
Craig Biddle,male,male,male
Arthur Erwin Brown,male,male,male
Albert Joseph Edmunds,male,male,male
John Watson Foster,male,male,male
Rudolph Hering,male,male,male
Oliver Huckel,male,male,male
John Arthur Johnson,male,male,male
Howard Atwood Kelly,male,male,male
Hideyo Noguchi,mostly_male,unknown,unknown
Leonard Pearson,male,male,male
George Wharton Pepper,male,unknown,unknown
Joseph George Rosengarten,male,male,male
Thomas Watson Sidwell,male,male,male
Horace Lemuel Wells,male,male,male
Owen Wister,male,male,male
William Phipps Blake,male,male,male
Alois Brandl,male,male,male
William Keith Brooks,male,male,male
Andrew Carnegie,male,male,male
Hampton Lawrence Carson,unknown,male,unknown
George Howard Darwin,male,unknown,unknown
Hugo Devries,male,male,male
Samuel Dickson,male,male,male
His Majesty King of England Edward Vii,male,male,male
John Fritz,male,male,male
James Gayley,male,male,male
Lloyd Carpenter Griscom,male,male,male
James Addison Henry,male,male,male
William Peddle Henszey,male,male,male
Ramon Ibarrola,male,male,male
Joseph Jacobs,male,male,male
Edwin Ames Jaggard,male,male,male
Hendrik Antoon Lorentz,male,male,male
Alexander Mackenzie,male,male,male
John William Mallet,male,male,male
Edgar Marburg,male,male,male
Guglielmo Marconi,male,male,male
John Vaughan Merrick,male,male,male
Mansfield Merriman,unknown,male,unknown
Albert Abraham Michelson,male,male,male
Edward Leamington Nichols,male,male,male
William Paterson Paterson,male,male,male
Edward Charles Pickering,male,male,male
Charles Whiteside Rae,male,male,male
William Clarence Richardson,male,male,male
Ernest Rutherford,male,male,male
William Berryman Scott,male,male,male
Samuel Sheldon,male,male,male
Edgar Fahs Smith,male,male,male
Henry Wilson Spangler,male,male,male
Frederic Pike Stearns,male,male,male
Kanhiro Takaki,unknown,unknown,unknown
Frederick Winslow Taylor,male,male,male
Henry Van Dyke,male,male,male
Samuel Matthews Vauclain,male,male,male
Henri Vetillart,male,male,male
His Majesty King of Italy Vittorio Emanuelle Iii,male,male,male
George Washburn,male,unknown,unknown
Charles Edgar Clark,male,male,male
Henry Mortimer Durand,male,male,male
Philander Chase Knox,unknown,male,unknown
Theodore Roosevelt,male,male,male
David Thompson Watson,male,male,male
His Imperial Majesty Friedrich German Emperor and King of Prussia Wilhelm Ii (stricken),male,male,male
Robert Simpson Woodward,male,male,male
Henry Pickering Bowditch,male,male,male
Russell Henry Chittenden,male,male,male
William Healey Dall,male,male,male
George Dock,male,unknown,unknown
Jean Adrien Antoine Jules Jusserand,male,unknown,unknown
James Tyndale Mitchell,male,male,male
Richard Henry Nelson,male,male,male
Samuel Whitaker Pennypacker,male,male,male
James Whitcomb Riley,male,male,male
Sir Frederick Bart. Treves,unknown,unknown,unknown
James Truman,male,male,male
Hermann Von Speck-Sternburg,male,male,male
Horatio Curtis Wood,male,male,male
Jesse Young Burk,male,unknown,unknown
William Crawford Gorgas,male,male,male
William Mansfield Groton,male,male,male
Alexander Crombie Humphreys,male,male,male
William Peterson,male,male,male
John Singer Sargent,male,male,male
Felix Emmanuel Schelling,male,male,male
Francis Preston Venable,male,unknown,unknown
Charles Doolittle Walcott,male,male,male
John Grimes Walker,male,male,male
Woodrow Wilson,male,male,male
Leonard Wood,male,male,male
Edwin Austin Abbey,male,male,male
Nicholas Murray Butler,male,male,male
Heinrich Conreid,male,male,male
Charles Henry Cramp,male,male,male
William Croswell Doane,male,male,male
Oliver Wolcott Gibbs,male,male,male
Hugh Thomas Henry,male,male,male
David Jayne Hill,male,male,male
Richard Mott Jones,male,male,male
Edward Alexander Macdowell,male,male,male
Willoughby Dayton Miller,unknown,male,unknown
Agnes Repplier,female,female,female
William Howard Taft,male,male,male
Joseph Wharton,male,male,male
Charles Henry Alden,male,male,male
John Hill Brinton,male,male,male
John Sparhawk Jones,male,male,male
George Wallace Melville,male,unknown,unknown
James David Moffat,male,male,male
Thomas Harrison Montgomery,male,male,male
Clement Biddle Penrose,male,male,male
Henry Codman Potter,male,male,male
William L. Prather,male,male,male
Henry Smith Pritchett,male,male,male
George Woodward Wickersham,male,unknown,unknown
James Barr Ames,male,male,male
Porfirio Diaz,male,male,male
Gerard Brown Finch,male,male,male
John Marshall Harlan,male,male,male
Marcus Jastrow,male,male,male
Charles Arthur Roe,male,male,male
Oscar Solomon Straus,male,male,male
Floyd William Tomkins,male,male,male
Ting-fang Wu,unknown,unknown,unknown
William Bowen Boulton,male,male,male
Alfred Craven Harrison Jr.,male,male,male
Lucien Lee Kinsolving,male,male,male
Louis Childs Madeira Jr.,male,male,male
John Bayard Mcpherson,male,male,male
Coleman Sellers,male,male,male
Edgar Fahs Smith,male,male,male
Elwood Worcester,male,male,male
George Frederick Barker,male,unknown,unknown
Agnes Irwin,female,female,female
William Neilson Mcvickar,male,male,male
Ozi William Whitaker,unknown,unknown,unknown
Benjamin West Frazier,male,male,male
Wayne Macveagh,male,male,male
Henry Morton,male,male,male
Louis Fitzgerald Benson,male,male,male
Robert Graham,male,male,male
J. Peter Lesley,unknown,unknown,unknown
Henry Wilson Spangler,male,male,male
Charles Janeway StillÊ,male,male,male
Martin Russell Thayer,male,male,male
William Ely,male,male,male
John Henry Haynes,male,male,male
Herman Volrath Hilprecht,male,male,male
Merrill W. Hollingsworth,male,male,male
John Punnett Peters,male,male,male
Frederick Dawson Stone,male,male,male
Joseph Brevitt Townsend,male,male,male
Talcott Williams,unknown,unknown,unknown
Hamdy Bey,male,unknown,unknown
John Fiske,male,male,male
Casper René Gregory,male,male,male
William Torrey Harris,male,male,male
Alexander Harrison,male,male,male
William Alexander Lamberton,male,male,male
John Bach Mcmaster,male,male,male
Charles Beylard Nancrede,male,male,male
Robert Emory Pattison,male,male,male
William Pepper,male,male,male
George Tybout Purves,male,unknown,unknown
Frederic Ward Putnam,male,male,male
Sara Yorke Stevenson,female,female,female
William Henry Welch,male,male,male
François Amédée Brégy Jr.,unknown,male,unknown
Daniel Garrison Brinton,male,male,male
Hamilton Andrews Hill,male,male,male
Isaac Jones Wistar,male,male,male
Jacob Mandes Dacosta,male,male,male
William Wallace Gilchrist,male,male,male
Richard Coxe Mcmurtrie,male,male,male
Richard Green Moulton,male,male,male
Robert Hamill Nassau,male,male,male
Talcott Williams,unknown,unknown,unknown
Seth Low,male,male,male
William Wilberforce Newton,male,male,male
David Burt Wilson,male,male,male
George Dana Boardman,male,unknown,unknown
George Davidson,male,unknown,unknown
Cyrus David Foss,male,male,male
John Foster Kirk,male,male,male
Alfred StillÊ,male,male,male
David Hayes Agnew,male,male,male
George Stuart Chambers,male,unknown,unknown
Ezra Otis Kendall,male,male,male
John Kemper Murphy,male,male,male
George Pomeroy Allen,male,unknown,unknown
Edward Totterson Bartlett,male,male,male
Ferdinand Vandevere Hayden,male,male,male
Samuel D. Mcconnell,male,male,male
Sabato Morais,male,male,male
John Adam Ryder,male,male,male
Robert Ellis Thompson,male,male,male
Hugh Archibald Clarke,male,male,male
Joseph Parsons Comegys,male,male,male
John Andrews Harris,male,male,male
William Henry Klapp,male,male,male
Joseph Dodgson Newlin,male,male,male
Samuel Powel Jr.,male,male,male
Patrick John Ryan,male,male,male
Theodore Lorenzo Seip,male,male,male
Charles François Bonaventure Miel,male,male,male
Henry Hartshorne,male,male,male
Samuel David Gross,male,male,male
Justin Smith Morrill,male,male,male
Phineas Pemberton Morris,unknown,male,unknown
George Leib Harrison,male,unknown,unknown
Isaac Sharpless,male,male,male
William Wackernagel,male,male,male
George Washington Biddle,male,unknown,unknown
Eli Kirk Price,female,unknown,unknown
William Henry Rawle,male,male,male
James Abram Garfield,male,male,male
Henry Martyn Hoyt,male,male,male
Frederick Fraley,male,male,male
Robert Alexander Lamberton,male,male,male
Redmond Barry,male,male,male
Horace Howard Furness,male,male,male
Charles William Schaeffer,male,male,male
John Welsh,male,male,male
Charles George Currie,male,male,male
Morton Mcmichael,male,male,male
Hermann Joseph Schwarzmann,male,male,male
Joseph Miller Wilson,male,male,male
Samuel Stehman Haldeman,male,male,male
Mark Antony de Wolfe Howe,male,male,male
John Agnew Crawford,male,male,male
Claudius Henry Mastin,male,male,male
Thomas Webb Richards,male,male,male
Philip Friedrich Adolph Theodor Spaeth,male,male,male
John William Wallace,male,male,male
Thomas Augustus Jagger,male,male,male
George Emlen Hare,male,unknown,unknown
William Kimbrough Pendleton,male,male,male
Henry Erskine Duncan,male,male,male
William Phillips Lewis,male,male,male
Joseph Thomas,male,male,male
Theodore Appel,male,male,male
Lucius Barrows,male,male,male
Thomas Frederick Davies,male,male,male
Edward Abram Foggo,male,male,male
Joseph Allison,male,male,male
Frederick Carroll Brewster,male,male,male
John Cadwalader,male,male,male
James Ryley Ludlow,male,male,male
Beale Melancthon Schmucker,unknown,unknown,unknown
Charles Augustus Young,male,male,male
John Nesbit Conyngham,male,male,male
Benjamin Wistar Morris,male,male,male
George Allen,male,unknown,unknown
Frederick Williamson Beasley,male,male,male
James Wilkinson Dale,male,male,male
Daniel Raynes Goodwin,male,male,male
John Innes Clark Hare,male,male,male
Henry Charles Lea,male,male,male
John Wanner Loch,male,male,male
Thomas Coffin Yarnall,male,male,male
Samuel Wylie Crawford Jr.,male,male,male
Henry Coppée,male,male,male
Jacob Isidor Mombert,male,male,male
Richard Mason Abercrombie,male,male,male
Samuel Cox Jr.,male,male,male
Edwards Hedges,unknown,unknown,unknown
Gottlob Frederick Krotel,male,male,male
Henry Eglinton Montgomery,male,male,male
John Wylie Faires,male,male,male
Abraham Rynier Van Nest Jr.,male,male,male
Theophilus Adam Wylie,male,male,male
James Lloyd Breck,male,male,male
Abram Newkirk Littlejohn,male,male,male
Divie Bethune Mccartee,unknown,unknown,unknown
Edwin Augustine Dalrymple,male,male,male
William Henry Odenheimer,male,male,male
Daniel Kirkwood,male,male,male
William Mercer Green,male,male,male
John Mcclintock Jr.,male,male,male
William Bacon Stevens,male,male,male
James Patriot Wilson,male,male,male
John Penington,male,male,male
Martin Hans BoyÉ,male,male,male
John Chapman Cresson,male,male,male
Henry Jackson Morton,male,male,male
Joseph Saxton,male,male,male
John David Ogilby,male,male,male
Jehu Curtis Clay,unknown,male,unknown
George Duffield,male,unknown,unknown
Thomas Hartwell Horne,male,male,male
George Boyd,male,unknown,unknown
Jacob Miller,male,male,male
George Washington Bethune,male,unknown,unknown
Christian Frederic CrusÊ,male,unknown,unknown
William Radcliffe Dewitt,male,male,male
Benjamin Dorr,male,male,male
John Banister Gibson,male,male,male
Henry Michael Mason,male,male,male
Alexander Dallas Bache,male,male,male
Henry William Ducachet,male,male,male
Charles Philip Krauth,male,male,male
Samuel Allen Mccoskry,male,male,male
William Edward Wyatt,male,male,male
Edward Henry Courtenay,male,male,male
Henry Darwin Rogers,male,male,male
Joseph B. Ard,male,male,male
Samuel Wylie Crawford,male,male,male
Charles Rudolph DemmÉ,male,male,male
John Peter Hecht,male,male,male
Samuel Lewis Southard,male,male,male
Joseph Spencer,male,male,male
James Horner,male,male,male
Richard Sharp Mason,male,male,male
William Cooper Mead,male,male,male
John Cooper,male,male,male
Eleazer Thompson Fitch,unknown,unknown,unknown
Joseph Roberts,male,male,male
Charles Sawkins Williams,male,male,male
John Spence,male,male,male
Richard Peters Jr.,male,male,male
Frederick William Geissenhainer,male,male,male
John Gummere,male,male,male
Patrick Torry,male,male,male
William Vincent Harold,male,male,male
John George Schmucker,male,male,male
Henry Augustus Muhlenberg,male,male,male
Joseph Spencer,male,male,male
Philip Frederic Mayer,male,male,male
Eugenius Nulty,male,male,male
John Churchill Rudd,male,male,male
Bird Wilson,unknown,female,unknown
James Kent,male,male,male
Ambrose Spencer,male,male,male
Daniel Stephens,male,male,male
Christian Frederick Lewis Endress,male,unknown,unknown
William Gaston,male,male,male
Samuel Farmar Jarvis,male,male,male
James Milnor,male,male,male
Robert Patterson,male,male,male
Charles Smith,male,male,male
John Daniel Kurtz,male,male,male
Frederic Beasley,male,male,male
Rufus King,male,male,male
John Marshall,male,male,male
Bushrod Washington,unknown,unknown,unknown
Nathaniel Bowen,male,male,male
John Sylvester John Gardner,male,male,male
Frederick David Schaeffer,male,male,male
Jeremiah Atwater,male,male,male
Benjamin Contee,male,male,male
John Mcdowell,male,male,male
Joseph Pilmore,male,male,male
James G. Thomson,male,male,male
William Tilghman,male,male,male
Henry Waddell,male,male,male
James Patriot Wilson,male,male,male
James Gray,male,male,male
Philip Milledoler,male,male,male
John Mitchell Mason,male,male,male
Samuel Miller,male,male,male
John Blair Linn,male,male,male
James Latta,male,male,male
John Stuart,male,male,male
Cunningham Semple Ramsay,male,male,male
George Ralph,male,unknown,unknown
Ashbel Green,unknown,unknown,unknown
Isaac Stockton Keith,male,male,male
Robert Annan,male,male,male
Joseph Grove John Bend,male,male,male
Samuel Blair,male,male,male
Lawrence Girelius,male,male,male
Francis Hopkinson,male,unknown,unknown
Joseph Hutchins,male,male,male
Vicesimus Knox,unknown,unknown,unknown
William Rogers,male,male,male
John Frederick Schmidt,male,male,male
Edward Shippen,male,male,male
James Wilson,male,male,male
Edward Bass,male,male,male
David Johnson,male,male,male
Samuel Kerr,male,male,male
Samuel Parker,male,male,male
Philip Reinhold Pauli,male,male,male
Robert Smith,male,male,male
Robert Blackwell,male,male,male
Nicholas Collin,male,male,male
Samuel Jones,male,male,male
Robert Patterson,male,male,male
Benjamin Smith Barton,male,male,male
Marie Joseph Paul Yves Roch Gilbert du Motier Marquis de Lafayette,female,unknown,unknown
Hugh Williamson,male,male,male
David Griffith,male,male,male
Samuel Provoost,male,male,male
Matthew Wilson,male,male,male
Justus Christian Henry Helmuth,male,male,male
James Madison,male,male,male
James Manning,male,male,male
Thomas Mckean,male,male,male
Robert Davidson,male,male,male
Henry Melchior Muhlenberg,male,male,male
Charles Thomson,male,male,male
John Christopher Kunze,male,male,male
Samuel Magaw,male,male,male
George Washington,male,unknown,unknown
Patrick Alison,male,male,male
François BarbÊ-Marbois,unknown,male,unknown
Marie Bernard Borgella,female,unknown,unknown
François Jean de Beauvoir Chevalier de Chastellux,unknown,male,unknown
Jean François Coste,male,unknown,unknown
Peter Stephen Duponceau,male,male,male
Andrew Gregg,male,male,male
Fiacre Robilliard,mostly_male,unknown,unknown
Elihu Spencer,male,male,male
Samuel Sterret,male,male,male
William White,male,male,male
William Barton,male,male,male
William Bradford Jr.,male,male,male
James Davidson,male,male,male
Justus Christian Henry Helmuth,male,male,male
John Christopher Kunze,male,male,male
William Marshall,male,male,male
Henry Ernst Muhlenberg,male,male,male
Thomas Paine,male,male,male
Caspar Dietrich Weiberg,male,male,male
John Parke,male,male,male
James Ross,male,male,male
William Rogers,male,male,male
John Parke,male,male,male
John Simonton,male,male,male
David Rittenhouse,male,male,male
Joseph Reed,male,male,male
James Wilson,male,male,male
Thomas Mckean,male,male,male
John Miller,male,male,male
John Rodgers,male,male,male
Morgan Edwards,mostly_male,unknown,unknown
Thomas Pollock,male,male,male
John Simonton,male,male,male
Isaac Smith,male,male,male
Isaac Eaton,male,male,male
Samuel Stillman,male,male,male
Thomas Barton,male,male,male
Samuel Cooke,male,male,male
Samuel Davies,male,male,male
Robert Mckean,male,male,male
Philip Reading,male,male,male
Samson Smith,male,male,male
Matthew Wilson,male,male,male
Hector Alison,male,male,male
John Ewing,male,male,male
Theophilus Grew,male,male,male
Paul Jackson,male,male,male
Ebenezer Kinnersley,male,male,male
